Product Name,Processed Product Name,Packing Style,Packing Size,Packing Price,Previous Packing Price,Exchange Rate,Supplier
OBASAN STEAM CAKE PANDAN 100G,OBASAN STEAM CAKE PANDAN,100G,20.0,12.5,,1.0,TGS GROUP SDN BHD
NESTLE MILO NUGGETS 30G,NESTLE MILO NUGGETS,30G,30.0,19.7,,1.0,TGS GROUP SDN BHD
HSC OLDENLANDIA WATER 325ML,HSC OLDENLANDIA WATER,325ML,24.0,11.5,,1.0,TGS GROUP SDN BHD
CRACKER CAP MENARA SPICY 80G,CRACKER CAP MENARA SPICY,80G,30.0,16.2,,1.0,TGS GROUP SDN BHD
KNORR CUP MASHED POTATO MUSHROOM 26G,KNORR CUP MASHED POTATO MUSHROOM,26G,36.0,44.0,,1.0,TGS GROUP SDN BHD
MUNCHYS ORIGINAL CREAM CRKS 375G,MUNCHYS ORIGINAL CREAM CRKS,375G,12.0,18.85,,1.0,TGS GROUP SDN BHD
F&N FRUITADE 500ML,F&N FRUITADE,500ML,24.0,13.2,,1.0,TGS GROUP SDN BHD
JULIES LOVE LETTERS 360G - CHOC,JULIES LOVE LETTERS,360G,6.0,20.5,,1.0,TGS GROUP SDN BHD
DOUBLE DECKER MINI PRAWN CRK 15Gx8,DOUBLE DECKER MINI PRAWN CRK,15Gx8,8.0,8.5,,1.0,TGS GROUP SDN BHD
OBASAN STEAM CAKE STRAWBERRY 100G,OBASAN STEAM CAKE STRAWBERRY,100G,20.0,12.5,,1.0,TGS GROUP SDN BHD
JULIES CHEESE SWICH 360G,JULIES CHEESE SWICH,360G,12.0,34.5,,1.0,TGS GROUP SDN BHD
CRACKER CAP MENARA ORIG 80G,CRACKER CAP MENARA ORIG,80G,30.0,16.2,,1.0,TGS GROUP SDN BHD
MUNCHYS LEXUS CRKS VEGETABLE 200G,MUNCHYS LEXUS CRKS VEGETABLE,200G,12.0,20.5,,1.0,TGS GROUP SDN BHD
MUNCHYS OAT KRUNCH BFAST 192G - CHIA SEED MILK,MUNCHYS OAT KRUNCH BFAST,192G,12.0,21.0,,1.0,TGS GROUP SDN BHD
DYNAMO DET LIQ ROSE 2.5L,DYNAMO DET LIQ ROSE,2.5L,6.0,40.8,,1.0,TGS GROUP SDN BHD
F&N ZAPPEL 500ML,F&N ZAPPEL,500ML,24.0,13.2,,1.0,TGS GROUP SDN BHD
BREEZE DET LIQ POWER CLEAN 4KG,BREEZE DET LIQ POWER CLEAN,4KG,4.0,24.0,,1.0,TGS GROUP SDN BHD
OBASAN STEAM CAKE CHEESE 100G,OBASAN STEAM CAKE CHEESE,100G,20.0,12.5,,1.0,TGS GROUP SDN BHD
HUP SENG SESAME CRACKERS 158G,HUP SENG SESAME CRACKERS,158G,12.0,19.5,,1.0,TGS GROUP SDN BHD
KICKAPOO 325ML,KICKAPOO,325ML,24.0,7.9,,1.0,TGS GROUP SDN BHD
POKKA GREEN TEA PACKET 250MLX6,POKKA GREEN TEA,250MLX6,4.0,7.6,,1.0,TGS GROUP SDN BHD
F&N SARSI 500ML,F&N SARSI,500ML,24.0,13.2,,1.0,TGS GROUP SDN BHD
COCA COLA ZERO 1.25L,COCA COLA ZERO,1.25L,12.0,8.7,,1.0,TGS GROUP SDN BHD
SEASON ICE LEMON TEA 300ML,SEASON ICE LEMON TEA,300ML,24.0,7.5,,1.0,TGS GROUP SDN BHD
MAMEE MONSTER H&S 25Gx10,MAMEE MONSTER H&S,25Gx10,10.0,13.5,,1.0,TGS GROUP SDN BHD
100 PLUS 1.75L,100 PLUS,1.75L,12.0,12.4,,1.0,TGS GROUP SDN BHD
BREEZE DET LIQ GOODBYE MUSTY 4KG,BREEZE DET LIQ GOODBYE MUSTY,4KG,4.0,24.0,,1.0,TGS GROUP SDN BHD
MAGGI HOT CUP CHICKEN 59G,MAGGI HOT CUP CHICKEN,59G,54.0,34.8,,1.0,TGS GROUP SDN BHD
DOUBLE DECKER MINI CHEESE RING 13Gx8,DOUBLE DECKER MINI CHEESE RING,13Gx8,8.0,8.5,,1.0,TGS GROUP SDN BHD
MAMEE EXPRESS CUP CHICKEN 68G,MAMEE EXPRESS CUP CHICKEN,68G,24.0,13.0,,1.0,TGS GROUP SDN BHD
POKKA GREEN TEA CAN 300ML,POKKA GREEN TEA CAN,300ML,24.0,9.75,,1.0,TGS GROUP SDN BHD
MAMEE EXPRESS CUP CURRY 68G,MAMEE EXPRESS CUP CURRY,68G,24.0,13.0,,1.0,TGS GROUP SDN BHD
JACKJILL CREAM O BLUBERRY 60G,JACKJILL CREAM O BLUBERRY,60G,48.0,19.9,,1.0,TGS GROUP SDN BHD
MAGGI HOT CUP CURRY 59G,MAGGI HOT CUP CURRY,59G,54.0,34.8,,1.0,TGS GROUP SDN BHD
KNORR INSTANT CUP PORRIDGE 32G - CHIC MUSHROOM,KNORR INSTANT CUP PORRIDGE,32G,36.0,31.0,,1.0,TGS GROUP SDN BHD
APOLLO LYR CAKE PANDAN 18Gx24,APOLLO LYR CAKE PANDAN,18Gx24,12.0,27.2,,1.0,TGS GROUP SDN BHD
FUDO SWISS ROLL CAKE PANDAN 18Gx24S,FUDO SWISS ROLL CAKE PANDAN,18G,12.0,20.0,,1.0,TGS GROUP SDN BHD
F&N ICE CREAM SODA 500ML,F&N ICE CREAM SODA,500ML,24.0,13.2,,1.0,TGS GROUP SDN BHD
FUDO SWISS ROLL CAKE BUTTER 18Gx24S,FUDO SWISS ROLL CAKE BUTTER,18G,12.0,20.0,,1.0,TGS GROUP SDN BHD
F&N SBERRY 500ML,F&N SBERRY,500ML,24.0,13.2,,1.0,TGS GROUP SDN BHD
A&W 1.25L,A&W,1.25L,12.0,8.9,,1.0,TGS GROUP SDN BHD
ZESS SAVOURY CRACKERS ORIG 75G,ZESS SAVOURY CRACKERS ORIG,75G,30.0,22.5,,1.0,TGS GROUP SDN BHD
TOP DET LIQ ODOUR BUSTER 4L,TOP DET LIQ ODOUR BUSTER,4L,4.0,24.5,,1.0,TGS GROUP SDN BHD
HACKS REG 100G,HACKS REG,100G,50.0,39.0,,1.0,TGS GROUP SDN BHD
DOUBLE DECKER MINI CHICKEN 10Gx8,DOUBLE DECKER MINI CHICKEN,10Gx8,8.0,8.5,,1.0,TGS GROUP SDN BHD
DYNAMO DET LIQ FRESH 2.5L,DYNAMO DET LIQ FRESH,2.5L,6.0,40.8,,1.0,TGS GROUP SDN BHD
ORIENTAL SUPER RING 60G,ORIENTAL SUPER RING,60G,60.0,30.0,,1.0,TGS GROUP SDN BHD
KAO WIDE BLEACH COLOR LIQUID 2L,KAO WIDE BLEACH COLOR LIQUID,2L,6.0,21.0,,1.0,TGS GROUP SDN BHD
KNORR INSTANT CUP PORRIDGE 32G - CHIC,KNORR INSTANT CUP PORRIDGE,32G,36.0,31.0,,1.0,TGS GROUP SDN BHD
COKE 1.25L,COKE,1.25L,12.0,8.7,,1.0,TGS GROUP SDN BHD
DYNAMO DET LIQ COLOR CARE 2.5L,DYNAMO DET LIQ COLOR CARE,2.5L,6.0,40.8,,1.0,TGS GROUP SDN BHD
MAMEE CHEF CURRY LAKSA 80GX4S,MAMEE CHEF CURRY LAKSA,80GX4S,8.0,15.0,,1.0,TGS GROUP SDN BHD
MAMEE MONSTER BBQ 25Gx10,MAMEE MONSTER BBQ,25Gx10,10.0,13.5,,1.0,TGS GROUP SDN BHD
POKKA LEMON TEA 500ML,POKKA LEMON TEA,500ML,24.0,17.2,,1.0,TGS GROUP SDN BHD
MARIGOLD UHT MILK 3X200ML - STRAWBERRY,MARIGOLD UHT MILK,3X200ML,8.0,9.5,,1.0,TGS GROUP SDN BHD
KNORR CUP MASHED POTATO CHEESE 26G,KNORR CUP MASHED POTATO CHEESE,26G,36.0,44.0,,1.0,TGS GROUP SDN BHD
POKKA OOLONG TEA 500ML,POKKA OOLONG TEA,500ML,24.0,17.2,,1.0,TGS GROUP SDN BHD
OBASAN STEAM CAKE CHOCOLATE 100G,OBASAN STEAM CAKE CHOCOLATE,100G,20.0,12.5,,1.0,TGS GROUP SDN BHD
DYNAMO DET LIQ ANTIBAC 2.5L,DYNAMO DET LIQ ANTIBAC,2.5L,6.0,40.8,,1.0,TGS GROUP SDN BHD
MUNCHYS CRACKERS WHEAT CRK 276G,MUNCHYS CRACKERS WHEAT CRK,276G,12.0,18.85,,1.0,TGS GROUP SDN BHD
POKKA OOLONG TEA 1500ML,POKKA OOLONG TEA,1500ML,12.0,18.5,,1.0,TGS GROUP SDN BHD
MAGGI HOT CUP CHICKEN 66G,MAGGI HOT CUP CHICKEN,66G,54.0,34.8,,1.0,TGS GROUP SDN BHD
POKKA OOLONG TEA PACKET 250MLX6,POKKA OOLONG TEA CAN,"",4.0,7.6,,1.0,TGS GROUP SDN BHD
BREEZE DET LIQ GENTLE SKIN 3.6KG,BREEZE DET LIQ GENTLE SKIN,3.6KG,4.0,24.0,,1.0,TGS GROUP SDN BHD
POPO MURUKU SEAWEED 12Gx24,POPO MURUKU SEAWEED,12Gx24,20.0,29.0,,1.0,TGS GROUP SDN BHD
POPO MURUKU SWEET SPICY 12Gx24,POPO MURUKU SWEET SPICY,12Gx24,20.0,29.0,,1.0,TGS GROUP SDN BHD
APOLLO LYR CAKE BANANA 18Gx24,APOLLO LYR CAKE BANANA,18Gx24,12.0,27.2,,1.0,TGS GROUP SDN BHD
FUDO SWISS ROLL CAKE CHOCO 18Gx24S,FUDO SWISS ROLL CAKE CHOCO,18G,12.0,20.0,,1.0,TGS GROUP SDN BHD
MUNCHYS OAT KRUNCH BFAST 192G - CRANBERRY,MUNCHYS OAT KRUNCH BFAST,192G,12.0,21.0,,1.0,TGS GROUP SDN BHD
KICKAPOO 1.5L,KICKAPOO,1.5L,12.0,12.85,,1.0,TGS GROUP SDN BHD
MAMEE CURRY 75Gx5,MAMEE CURRY,75Gx5,8.0,11.5,,1.0,TGS GROUP SDN BHD
MAMEE EXPRESS CUP TOMYAM 68G,MAMEE EXPRESS CUP TOMYAM,68G,24.0,13.0,,1.0,TGS GROUP SDN BHD
FUDO SWISS ROLL CAKE TIRAMISU 18Gx24S,FUDO SWISS ROLL CAKE TIRAMISU,18G,12.0,20.0,,1.0,TGS GROUP SDN BHD
CRISPY ORIG CHOC MINI 6S,CRISPY ORIG CHOC MINI,6S,90.0,84.0,,1.0,TGS GROUP SDN BHD
MAMEE EXPRESS CUP VEGETABLE 68G,MAMEE EXPRESS CUP VEGETABLE,68G,24.0,13.0,,1.0,TGS GROUP SDN BHD
MAGICLEAN TOILET BLEACHPOWER ORI 500ML,MAGICLEAN TOILET BLEACHPOWER ORI,500ML,12.0,24.0,,1.0,TGS GROUP SDN BHD
JULIES BUTTER CRKS 200G,JULIES BUTTER CRKS,200G,24.0,34.5,,1.0,TGS GROUP SDN BHD
SPRITE 1.25L,SPRITE,1.25L,12.0,8.9,,1.0,TGS GROUP SDN BHD
MUNCHYS FUNMIX ASSORTED BISCUITS 900G,MUNCHYS FUNMIX ASSORTED BISCUITS,900G,6.0,26.0,,1.0,TGS GROUP SDN BHD
POPO MURUKU FISH 12Gx24,POPO MURUKU FISH,12Gx24,20.0,29.0,,1.0,TGS GROUP SDN BHD
ORIENTAL GREEN PEAS 14Gx8,ORIENTAL GREEN PEAS,14Gx8,30.0,35.5,,1.0,TGS GROUP SDN BHD
POKKA LEMON TEA 1.5L,POKKA LEMON TEA,1.5L,12.0,18.5,,1.0,TGS GROUP SDN BHD
APOLLO LYR CAKE CHOC 18Gx24,APOLLO LYR CAKE CHOC,18Gx24,12.0,30.5,,1.0,TGS GROUP SDN BHD
POPO MURUKU SPICY CHICKEN 12Gx24,POPO MURUKU,12Gx24,20.0,29.0,,1.0,TGS GROUP SDN BHD
POKKA LEMON TEA PACKET 250MLX6,POKKA LEMON TEA PACKET,250MLX6,4.0,7.6,,1.0,TGS GROUP SDN BHD
APOLLO LYR CAKE COCOA 18Gx24,APOLLO LYR CAKE COCOA,18Gx24,12.0,27.2,,1.0,TGS GROUP SDN BHD
JULIES PNUT BUTTER SWICH 360G,JULIES PNUT BUTTER SWICH,360G,12.0,34.5,,1.0,TGS GROUP SDN BHD
MAMEE CHEF CREAMY TOMYAM 88GX4S,MAMEE CHEF CREAMY TOMYAM,88GX4S,8.0,15.0,,1.0,TGS GROUP SDN BHD
FUDO SWISS ROLL CAKE SBERRY 18Gx24S,FUDO SWISS ROLL CAKE SBERRY,18G,12.0,20.0,,1.0,TGS GROUP SDN BHD
MAMEE MONSTER CHICKEN 25Gx10,MAMEE MONSTER CHICKEN,25G,10.0,13.5,,1.0,TGS GROUP SDN BHD
F&N FRUITADE,F&N FRUITADE,1.1LT,12.0,8.4,,1.0,TGS GROUP SDN BHD
F&N GRAPE,F&N GRAPE,1.1LT,12.0,8.4,,1.0,TGS GROUP SDN BHD
F&N ICE CREAM SODA,F&N ICE CREAM SODA,1.1LT,12.0,8.4,,1.0,TGS GROUP SDN BHD
F&N SARSI,F&N SARSI,1.1LT,12.0,8.4,,1.0,TGS GROUP SDN BHD
F&N ORANGE,F&N ORANGE,1.1LT,12.0,8.4,,1.0,TGS GROUP SDN BHD
F&N STRAWBERRY,F&N STRAWBERRY,1.1LT,12.0,8.4,,1.0,TGS GROUP SDN BHD
F&N ZAPPEL,F&N ZAPPEL,1.1LT,12.0,8.4,,1.0,TGS GROUP SDN BHD
MAMEE PREMIUM CURRY NOODLE (5+1),MAMEE PREMIUM CURRY NOODLE,6X80G,8.0,11.5,,1.0,TGS GROUP SDN BHD
MAMEE PREMIUM VEGETARIAN NOODLE (5+1),MAMEE PREMIUM VEGETARIAN NOODLE,6X79G,8.0,11.5,,1.0,TGS GROUP SDN BHD
ORIENTAL CHEESE BALL,ORIENTAL CHEESE BALL,10X60G,6.0,34.0,,1.0,TGS GROUP SDN BHD
ORIENTAL ROTA PRAWN CRACKERS,ORIENTAL ROTA PRAWN CRACKERS,10X60G,6.0,34.0,,1.0,TGS GROUP SDN BHD
ORIENTAL CHICKEN RING F/P,ORIENTAL CHICKEN RING,8X14G,30.0,37.0,,1.0,TGS GROUP SDN BHD
SUPER RING FAMILY PACK,ORIENTAL SUPER RING FAMILY PACK,8X14G,30.0,37.0,,1.0,TGS GROUP SDN BHD
POPO MURUKU SPICY CHICKEN,POPO MURUKU SPICY CHICKEN,24X12G,20.0,30.5,,1.0,TGS GROUP SDN BHD
POPO MURUKU SWEET&SPICY,POPO MURUKU SWEET SPICY,24X12G,20.0,30.5,,1.0,TGS GROUP SDN BHD
POPO MURUKU IKAN KEROPOK,POPO MURUKU IKAN KEROPOK,24X12G,20.0,30.5,,1.0,TGS GROUP SDN BHD
MAGICLEAN KITCHEN REFILL LIME,MAGICLEAN KITCHEN REFILL,500ML,24.0,49.8,,1.0,TGS GROUP SDN BHD
MAGICLEAN BATHROOM REFILL TP,MAGICLEAN BATHROOM REFILL,2X500ML,12.0,49.0,,1.0,TGS GROUP SDN BHD
MUNCHY'S CHOCOLATE SANDWICH CRACKER,MUNCHY'S CHOCOLATE SANDWICH CRACKER,258G,12.0,18.85,,1.0,TGS GROUP SDN BHD
LEXUS CHOCOLATE SANDWICH,LEXUS CHOCOLATE SANDWICH,190G,12.0,20.5,,1.0,TGS GROUP SDN BHD
IBUMIE ALWAYS MI GORENG ASLI,IBUMIE ALWAYS MI GORENG ASLI,5X80G,12.0,18.5,,1.0,TGS GROUP SDN BHD
SUPER RING FAMILY PACK,ORIENTAL SUPER RING FAMILY PACK,8X14G,30.0,37.0,,1.0,TGS GROUP SDN BHD
ORIENTAL CHEESE BALL,ORIENTAL CHEESE BALL,10X60G,6.0,34.0,,1.0,TGS GROUP SDN BHD
POPO MURUKU IKAN KEROPOK,POPO MURUKU IKAN KEROPOK,24X12G,20.0,29.0,,1.0,TGS GROUP SDN BHD
MAMEE MONSTER F/P BBQ,MAMEE MONSTER BBQ,10X25G,10.0,13.5,,1.0,TGS GROUP SDN BHD
BREEZE LIQUID POWER CLEAN,BREEZE DET LIQ POWER CLEAN,3.6KG,4.0,25.7,,1.0,TGS GROUP SDN BHD
BREEZE LIQUID 2IN1- SILKY SAKURA,BREEZE LIQUID 2IN1- SILKY SAKURA,3.6KG,4.0,25.7,,1.0,TGS GROUP SDN BHD
SOFTLAN LAVENDER REFILL (PURPLE),SOFTLAN LAVENDER REFILL,1.5LT,8.0,13.6,,1.0,TGS GROUP SDN BHD
SOFTLAN SPRING FRESH REFILL,SOFTLAN SPRING FRESH REFILL,1.6LT,8.0,13.6,,1.0,TGS GROUP SDN BHD
MAGICLEAN BATHROOM STAIN & MOLD REFILL,MAGICLEAN BATHROOM STAIN & MOLD REFILL,400ML,12.0,25.5,,1.0,TGS GROUP SDN BHD
MAGICLEAN KITCHEN REFILL LIME,MAGICLEAN KITCHEN REFILL,500ML,24.0,49.8,,1.0,TGS GROUP SDN BHD
